date,JAPAN,FRANCE,GERMANY,AUSTRALIA,SWITZERLAND,UNITED KINGDOM,US
2002-04-30,0.03896740802659271,-0.06208786727389026,-0.06316714832919501,-0.043144258136397884,-0.0007842118109921969,-0.037039070222052994,-0.0496
2002-05-31,0.05426759904808143,-0.04716043237745615,-0.04474841520221062,-0.03203039506220451,0.009251990629534523,-0.03568750325599379,-0.01051
2002-06-30,-0.07043605656362939,-0.10186208246470041,-0.08926373871352367,-0.057393338613516365,-0.0793944751315735,-0.11229977133012059,-0.070259
2002-07-31,-0.04018137396488253,-0.1181272476447911,-0.12287699772571714,-0.06773804181274834,-0.12208621005861364,-0.11058825999408917,-0.081125
2002-08-31,-0.007378473513237616,-0.020937380562779384,-0.01920829532998114,-0.016412915832809905,0.01569471674374623,-0.02016080177937929,0.007949
2002-09-30,-0.0038978433771749144,-0.16421864096623073,-0.2205530932656392,-0.0717454769053979,-0.0779870110361639,-0.13682434863136905,-0.099923
2002-10-31,-0.045858114866263455,0.0967468995326981,0.08986872787567624,-0.020318071160414286,0.041857004523607966,0.05247330553399032,0.07494
2002-11-30,0.0469334604566225,0.02912004121688372,0.010255917771782253,-0.04012682624621422,0.04651195259441199,0.006154371428629846,0.061282
2002-12-31,-0.04222027217102198,-0.08448991271198736,-0.11734574682028631,-0.04696330606507826,-0.08201198269829257,-0.07955617204501053,-0.053334
2003-01-31,-0.013778358228371701,-0.057351965781782366,-0.04973318774233593,-0.05042981694081328,-0.042973023280592604,-0.1146601982145905,-0.023367
2003-02-28,0.008830845867439763,-0.06663214832350495,-0.06730249636161334,-0.08890876217511767,-0.0449191395581755,0.0027500235240065507,-0.015417
2003-03-31,-0.01901817132794692,-0.057190359585722494,-0.05043303765648288,0.004587937534497044,0.0015770808702852968,-0.028507991678230815,0.010321
2003-04-30,0.027105310360136192,0.10604672796652559,0.16422156665498067,0.010247578960000059,0.13751833437175653,0.06857376411817784,0.082768
2003-05-31,0.06055365945565849,0.020684945053720316,0.010956551410781445,-0.031735958323191316,0.019450658513814667,0.0190332259685404,0.063471
2003-06-30,0.08679915899053725,0.022642789970471644,0.054957581199185035,-0.017710384152074488,0.04356426388823731,-0.0219007285578543,0.016346
2003-07-31,0.05038845627230337,0.02543350112036946,0.04973029505552118,-0.0010331117800514988,0.056413122475641675,0.011659048391418514,0.023112
2003-08-31,0.07647181226328081,0.023589099467686392,-0.00047726313533469344,-0.009410892739260435,0.030528126733908145,-0.011520102236307173,0.024965
2003-09-30,0.03646894764296249,-0.052902124973300824,-0.0583732689115275,-0.032627390174830406,-0.0064265157174132614,-0.041337592538780665,-0.00912
2003-10-31,0.036398240518080716,0.05643296365336181,0.08641359331846332,-0.004116960522711599,0.051411900857884274,0.01976763776061219,0.060361
2003-11-30,-0.02934030218677741,0.002472216485277512,0.0054665970631939675,-0.059825789271583885,0.028363129632603012,-0.015397870070970932,0.016594
2003-12-31,0.05314264663428925,0.022817104934113708,0.024366426929787854,-0.008580370202692533,0.036577988596036226,-0.0007779592496004462,0.045476
2004-01-31,0.015189252614835058,0.01859123233073312,0.02670416332234571,-0.05218387854217976,0.058005082365046534,-0.04167152376203753,0.023042
2004-02-29,0.04103340008131173,0.016298654870980922,-0.012027672688765922,-0.01481576692159603,0.02418492496929081,-0.002851520615123393,0.015443
2004-03-31,0.10815004305009457,-0.027943274482604807,-0.03938232934289354,-0.021599371190995198,-0.015103683679825286,-0.04442544943365645,-0.010662
2004-04-30,0.036826962365909766,-0.0005023563933606034,0.018442124080406908,-0.0497899132390166,0.03946780601108335,-0.008541302516333227,-0.024222
2004-05-31,-0.029463104326897582,0.0011482579938308923,-0.0223383365962857,-0.030943933503807197,-0.012434329500806252,-0.047697449554535254,0.014068
2004-06-30,0.06048654544304877,0.019466285270148154,0.022139921831979104,-0.00932472984621624,0.0183832017047878,-0.020007685803971942,0.021611
2004-07-31,-0.029803833815556957,-0.02388065819343199,-0.03563535933863016,-0.030163790682935288,-0.008113935205893874,-0.04681575017236128,-0.037698
2004-08-31,0.006864853782511671,-0.013129070009500365,-0.030146010065607354,-0.016626532287892015,-0.00470176054065341,-0.016618513286293712,0.002703
2004-09-30,-0.005896902352529487,0.011335766817138548,0.021403629045034123,-0.0001322740535287803,0.02028543364780866,-0.005309182802263335,0.020556
2004-10-31,0.0029176637692720497,0.01576375505942007,0.011431332252855642,0.0027706897301893463,0.0006206990759602959,-0.015720520741887567,0.017806
2004-11-30,0.034680067795307634,0.016257849026410254,0.04226457875519385,0.014571265984553383,0.03583959316272978,-0.005299173827527426,0.048214
2004-12-31,0.07155158538675677,0.025582032727256676,0.02993672583905016,-0.003197448722397578,0.05602562684108636,0.00514167378341801,0.03517
2005-01-31,0.02389645412256236,0.035286596302849915,0.014033384318273168,-0.00907909487840386,0.04349445540478336,-0.010678047394020451,-0.026546
2005-02-28,0.05222854102451013,0.040708569744908996,0.03172330816614166,-0.005783882993548373,0.056307842403657826,0.0031064431138996262,0.022646
2005-03-31,0.03956518510110918,0.01677274347656188,0.0057085619216281636,-0.03638991586365958,0.019907998053666165,-0.028112201513416868,-0.016944
2005-04-30,-0.011924300809233346,-0.017187142142732093,-0.01972051491813187,-0.05849941701796346,0.010944497091396332,-0.03670101019081273,-0.025206
2005-05-31,0.04285638695451055,0.07086239018941487,0.06601321301078988,0.0024790538935928197,0.06265056006013425,0.020660362058839254,0.037954
2005-06-30,0.06226316852450098,0.04471287039328509,0.04234591480553518,0.022718008740889584,0.04828474274151506,0.017877839450586075,0.011529
2005-07-31,0.051342483739462264,0.06606439436947564,0.07788306548420887,-0.01673392889354064,0.08421387316804285,0.022719608766276433,0.043358
2005-08-31,0.08951813323716562,0.0010506349479639798,0.008158054612217747,-0.0004812864234171599,0.02184628146958356,1.1288520374685973e-05,-0.005958
2005-09-30,0.15642873833259918,0.05914299617873442,0.05240108520912501,0.03260738316481482,0.09198109482662775,0.024250863160745206,0.0106
2005-10-31,0.06385060006436682,-0.017749121597472328,-0.004000840201281997,-0.04814276440637044,0.03886793669239741,-0.02722736168540041,-0.020866
2005-11-30,0.10509104949129,0.05080182986568915,0.06054448363791742,0.02457931365830257,0.08409156639261606,0.026730047183480155,0.040326
2005-12-31,0.12413962116660748,0.05260420305294167,0.05734773578991148,0.015598982053078192,0.06459466817637982,0.0395426806567305,0.003458
2006-01-31,0.07659990644481662,0.0661715766710449,0.07587770901443913,0.025610038241865585,0.07021494756975111,0.020429484137510112,0.040072
2006-02-28,0.012808210668186715,0.03466606182371845,0.0538067003510887,0.0014189375862764253,0.05893349476119547,0.022906521568260674,-0.001639
2006-03-31,0.09497619608346253,0.06406352158856077,0.05311451982905768,0.035587995967740094,0.0649711979486256,0.03801988152046776,0.019065
2006-04-30,0.03885894106526422,0.023107610413656943,0.029550763812858483,0.01992746796426914,0.056871871045255595,0.009874224550260324,0.013
2006-05-31,-0.028085097576427298,-0.015690059633900022,-0.026290547583849078,-0.04770633634323862,-0.01635944724593319,-0.040910320254454735,-0.031032
2006-06-30,0.052382513135112,0.03530969304483578,0.017546042578182264,0.011228309330558295,0.03663463996075367,0.02616668415739065,-0.000391
2006-07-31,0.03493893474224119,0.033123785323791566,0.02660066300157715,-0.01916263474468649,0.07000985617944466,0.019697474655413716,-0.001912
2006-08-31,0.0903145697378902,0.05377020677554856,0.04899999932266774,0.02543312784412266,0.06777311614159198,0.01203959337468996,0.025042
2006-09-30,0.03965005795418142,0.03698498713838205,0.051603170976166846,0.004701493716465555,0.0795290565979605,0.020992434319523356,0.019425
2006-10-31,0.05478916574063941,0.039462047655448806,0.054158150396322435,0.03558828817560977,0.059059590492378966,0.030180620479616227,0.037153
2006-11-30,0.03947974142021948,0.02227200199461432,0.02200736920442181,0.013377438590553625,0.030976609845291492,-0.002522900650823834,0.023737
2006-12-31,0.09449499935420758,0.06091316780327061,0.06385972447584143,0.027380745535733997,0.0801336797349671,0.03430268462349062,0.010857
2007-01-31,0.07208839372562337,0.026369970518251185,0.04980380395902695,0.008056486379503847,0.07448577384650057,-0.003350309680093866,0.019387
2007-02-28,0.06288332883675052,0.003959093981039885,0.00749597548119274,0.006107274452413769,-0.0023386419566842065,-0.0038982228449641054,-0.014006
2007-03-31,0.03144658378473819,0.045848859691382415,0.04747463753061698,0.022149726215759058,0.06459133948763385,0.029252536698269216,0.012954
2007-04-30,0.03722521515637567,0.06021049993286387,0.06705983014394934,0.0187892224668198,0.09029646946275194,0.020034723857940584,0.039834
2007-05-31,0.0738479436287367,0.05558762358831437,0.06353114614329303,0.017695776254119222,0.042597497162773834,0.02107520541854635,0.038953
2007-06-30,0.05663487080500329,0.016173499413350667,0.017625110589343462,-0.012067330239784013,0.005160023747736053,-0.01875694282151308,-0.014747
2007-07-31,0.0035923674658052684,-0.03451444766526712,-0.026699892985826645,-0.02537723538630876,-0.007808729864237307,-0.04076784929943522,-0.03179
2007-08-31,-0.009206718945759751,-0.009605023848908045,0.004702912810419901,-0.0008760771096008035,0.021849581489614467,-0.011341304528294405,0.011593
2007-09-30,0.0556692475180014,0.009265866669597278,0.027263290730100476,0.03857799768812198,0.034133806199642125,0.0008658651439508169,0.040822
2007-10-31,0.05025525630210592,0.031370701274981094,0.029255336330577197,0.014892274898399283,0.04748722201891775,0.03152824405229593,0.02591
2007-11-30,-0.012713504072419335,-0.024334927002266138,-0.019794742068260818,-0.05491718225175746,-0.011236410516607731,-0.05436353708588937,-0.049362
2007-12-31,0.0069033715111563865,-0.010079898492797001,0.015280421738592453,-0.04481025338180966,0.0004816693131126648,-0.012176111789693023,-0.004405
2008-01-31,-0.06349176324370909,-0.14333849549982092,-0.13274853019577426,-0.15347512454051915,-0.09376991817155966,-0.10603984700213187,-0.062218
2008-02-29,0.006925624135288855,-0.03512145677026779,-0.01859842563807712,-0.049686382752107905,-0.008761670654467979,-0.020461246263081767,-0.021697
2008-03-31,-0.050331486997396646,-0.037977046392824065,-0.04536782943212814,-0.09281269433239336,-0.030490025314906966,-0.04691279671926052,-0.010444
2008-04-30,0.12507868348343987,0.04995412772828467,0.03364830883788228,-0.0021284022084435694,0.07382040153415892,0.022338298847900617,0.051199
2008-05-31,0.05523847085427813,6.514753184228006e-05,0.00016188216047807735,-0.024177884213537615,0.01774659660838873,-0.03636486652580151,0.023935
2008-06-30,-0.041321750137817026,-0.1354113938182019,-0.10532918028793581,-0.12871285438334557,-0.08334007860898018,-0.10630942667615928,-0.078436
2008-07-31,0.006775955546617474,-0.03831217733961534,-0.02626293032838367,-0.09045902515904358,0.017403702199195736,-0.060111195248893856,-0.013413
2008-08-31,-0.01587365543413255,0.005349735768984454,-0.023423369911817926,-0.0008056267054792343,0.02963013444639717,0.021847542375282414,0.010597
2008-09-30,-0.10766549526891855,-0.0973551803403988,-0.09027054250606614,-0.10538625840597449,-0.07048378478939532,-0.13502684600333836,-0.098172
2008-10-31,-0.17061162133265517,-0.1298683161142119,-0.2294871227682146,-0.15100036503842806,-0.0769924536169605,-0.11791293552140913,-0.184833
2008-11-30,-0.016747274082532737,-0.07748220087962965,-0.0709349922824074,-0.08888269438810503,-0.04068204796974073,-0.04272741685561432,-0.084681
2008-12-31,0.04200235045300449,-0.0226213618976141,0.024889426269094628,-0.022521428841672853,-0.024012366366202187,0.02093018184806783,0.022232
2009-01-31,-0.07193503601200246,-0.07756949134428892,-0.10254696949069497,-0.0743164100041458,-0.03566305775719569,-0.07078856095228869,-0.077471
2009-02-28,-0.03700665015761484,-0.10363088507853391,-0.10890322274751896,-0.07098304058302574,-0.08441619737047945,-0.07031658528498119,-0.100166
2009-03-31,0.032623293629887584,0.028690507802471288,0.03493609740210357,0.06123476946165596,0.032434329014904506,0.010771282287536765,0.086803
2009-04-30,0.0810011204915746,0.1335375952390332,0.1557832405461017,0.04086664711796595,0.1285729573752754,0.09157564586737355,0.109466
2009-05-31,0.07108296271835601,0.04159852622797877,0.03464562164411533,-0.008241089704824844,0.0379759853802486,0.03573649073148277,0.067787
2009-06-30,0.038815389423425106,-0.03713987388261086,-0.030740493960533022,0.012844067555925154,0.01133314258222895,-0.03408667234675278,-0.003019
2009-07-31,0.021696621157651697,0.0737041041201314,0.07987473516805954,0.05003771159013537,0.08797005199958496,0.08125313837203585,0.081779
2009-08-31,0.014482261626916904,0.07218768621306526,-0.007058769724303193,0.04018062190472871,0.05282425484269759,0.075192139187642,0.03151
2009-09-30,-0.04712781041241343,0.04532237703375208,0.028661141881312968,0.03300006917319642,0.030419209682839288,0.03796865551303075,0.045281
2009-10-31,-0.0224063406066336,-0.0430044348769989,-0.043739761088455675,-0.0575124338913644,-0.008453181338202831,-0.023508972827905428,-0.028072
2009-11-30,-0.06356545964201588,0.0057849188592762335,0.02510623432265824,-0.02060414323559867,-0.0009648314350756415,0.016657409910850074,0.057075
2009-12-31,0.07719125107189884,0.04978660473737184,0.04251699665658437,-0.003793406581820147,0.040322557076707954,0.03781069227982248,0.028475
2010-01-31,-0.009532899282585161,-0.03590795220524334,-0.04396217542688907,-0.09169158281220546,-0.009202186777187094,-0.03335536107315262,-0.037172
2010-02-28,-0.009534271802392191,-0.014776020238304155,-0.009994896583333412,-0.023362497960957462,0.03469881453092061,0.02761881679349454,0.034744
2010-03-31,0.09616372347342428,0.06396814923368921,0.08124887446176587,0.014185161954554548,0.04830779212474201,0.06127790242605902,0.063668
2010-04-30,0.008697431294988567,-0.022652547662145195,0.0004502461236861599,-0.05087656551176867,-0.01588156386454198,-0.012597059179820125,0.020036
2010-05-31,-0.10559045717009574,-0.053584232180617364,-0.03000849071106393,-0.11909134267473898,-0.035323935587072475,-0.06808366090012974,-0.07924
2010-06-30,-0.03685538108646802,-0.01790830539422683,0.0022550773849354666,-0.07311259159643968,-0.017993592679724335,-0.046370527572047515,-0.05078
2010-07-31,0.008293442760205494,0.05102573029407509,0.026421673096229448,-0.0023974013839287434,0.03056214320984374,0.07075219952905765,0.07036
2010-08-31,-0.052243987809910464,-0.03951604809207154,-0.03552324116453531,-0.05521892199511336,-0.0072065975526893755,-0.006375361830215143,-0.042863
2010-09-30,0.03855227600641786,0.06295492047703588,0.0524255782687324,0.004343317620834286,0.03110222202947388,0.057786903379911436,0.091628
2010-10-31,-0.024315067558217773,0.0287852493161882,0.04670251206164511,-0.025691492243838043,0.02282242921913269,0.014504620806151225,0.038591
2010-11-30,0.05989765326474461,-0.05313952244686215,-0.0012422573640584744,-0.054509269439175,-0.016193449266332927,-0.02978452472088222,0.005117
2010-12-31,0.044222457128243464,0.04292269952891048,0.0348860804586586,-0.00860185305728689,0.028576371865900896,0.06365050166635422,0.067182
2011-01-31,0.013363382483782882,0.03168187873941242,0.009988892663756133,-0.04472930219518201,0.002128772635626497,-0.008634375223419255,0.019183
2011-02-28,0.04424241913868343,0.018545807176625573,0.014360461523579282,-0.02405736387360169,0.029053209145345482,0.018717773709736818,0.038156
2011-03-31,-0.07077391018560408,-0.0361008483194194,-0.027906220894312606,-0.04181441751919324,-0.02193723173917883,-0.019532584556160915,0.003341
2011-04-30,-0.01746463699857248,0.022157673882892803,0.04081863992117096,-0.052911220986021856,0.03674208365793019,0.02431389980860854,0.028597
2011-05-31,-0.013504989507612586,-0.008075333669310236,-0.03088208739604903,-0.06836793611859482,-0.0034861392550671333,-0.009773500690362535,-0.014948
2011-06-30,0.012013438254220077,-0.014943264154879232,-0.0041485510789576185,-0.07216379510567972,-0.05640568129565382,-0.012057902286330635,-0.018447
2011-07-31,-0.0098051737435636,-0.07228448915833563,-0.04601598387420247,-0.0776798521534181,-0.07726774055157493,-0.027729807887857616,-0.022534
2011-08-31,-0.07712191148694147,-0.10767487023484579,-0.16940021710019149,-0.06356212361454971,-0.04417903572487747,-0.07532928393580351,-0.057564
2011-09-30,0.0005930905012401233,-0.09339167536057458,-0.06906928365911236,-0.10670844861917794,-0.00791238061431121,-0.04964735630207351,-0.084983
2011-10-31,0.002032253083043445,0.060896681486573456,0.0871823800684699,0.02741013099480738,0.048076956720930264,0.06706213910717906,0.114146
2011-11-30,-0.04450495560143286,-0.04474731830334999,-0.021134415434932774,-0.07551396938587818,-0.014355786142061344,-0.013410169146526596,-0.00627
2011-12-31,0.005966461310052518,-0.012471171337749776,-0.03379789662395272,-0.05761327889349932,0.03871671843592139,-7.942882055567146e-05,0.003676
2012-01-31,0.031830180242222506,0.04467133962664338,0.08051513147287093,0.010530284745809082,0.019544833123955607,0.022004182507549652,0.054106
2012-02-29,0.09626376028781569,0.038291608138415256,0.04778039268103518,-0.015211274270369168,0.03849703915165903,0.03616745464317872,0.041225
2012-03-31,0.03556806807926427,-0.008123207227575535,0.00649815597230341,-0.028058362578852525,0.02408892780312044,-0.011710157735085991,0.02402
2012-04-30,-0.05526980570215467,-0.049688676736930226,-0.019857052055015312,-0.0270345080108213,-0.006346897584923239,-0.013514042190250097,-0.006829
2012-05-31,-0.10122062205159177,-0.04628347899577612,-0.06664596165983994,-0.10039052720200425,-0.03114269045156881,-0.06779107003742779,-0.06559
2012-06-30,0.06759340777536926,0.05256080271117136,0.011799157938441995,-0.028639321423993502,0.028843679431354796,0.044436279001176526,0.038151
2012-07-31,-0.03939302586770255,0.022252492949852654,0.046251212456579927,0.006577888595145298,0.051644711673101806,0.00775850936901179,0.010307
2012-08-31,-0.0038643648865583913,0.03415589537314845,0.019658953207503105,-0.011506079251761392,0.0035564001480927754,0.01286494221966672,0.026317
2012-09-30,0.016398883206184323,-0.0048992509387661975,0.024887043072968407,-0.012434927790947459,0.02323924650401965,0.00788531547711746,0.026513
2012-10-31,0.004193312210701405,0.020025833388646164,0.016519956868575103,0.0013213203304522914,0.017985499126065063,0.008528361100497595,-0.014055
2012-11-30,0.04761502419809238,0.0389866153374856,0.02145147419530291,-0.02791134594132627,0.03426626338419281,0.018083946416676877,0.006217
2012-12-31,0.08633161134940293,0.019075463758383426,0.022247785977820733,0.004481153277591909,0.004592557211793302,0.007696180942954434,0.012569
2013-01-31,0.09089145497990758,0.030609461319021536,0.028165126812015995,0.023091137850190346,0.07427170003636574,0.05723764053367986,0.054142
2013-02-28,0.03851911780358164,0.0067658705833595345,0.0031256160229490293,0.025243563155964877,0.03446263733886901,0.023401071597776824,0.008282
2013-03-31,0.073215469675311,0.008825782087354295,0.00456040098104693,-0.048582393390043443,0.028611801230287393,0.009481626822732014,0.035295
2013-04-30,0.11937025699434634,0.0326505149768066,0.011679860834879596,0.011086683140655085,0.02352591860127673,0.00496624915278554,0.014939
2013-05-31,-0.02677807708870472,0.040736081682614333,0.05033413058761327,-0.06937106146990624,0.007309827514232037,0.022745229395391364,0.019128
2013-06-30,-0.002686610792423605,-0.044935483868151715,-0.037726631914525965,-0.04944926905137714,-0.030542364204666606,-0.048661578190214994,-0.015072
2013-07-31,-0.0009110858269032462,0.07014561194513136,0.0380433712264272,0.028886568638579968,0.031233019733480027,0.06365199592466575,0.052658
2013-08-31,-0.023716012797620145,-0.012684706532344436,-0.012086373933876682,0.0012777095432998653,-0.007693421770393227,-0.02626591391551103,-0.02575
2013-09-30,0.08934214971795051,0.05811385823129411,0.051118062641934525,-0.0016414821298613713,0.03544865395545993,0.007514780291671519,0.037497
2013-10-31,-0.0023311211608044724,0.03395966047511356,0.04978788269964096,0.015594875667948482,0.027760991006134383,0.022900981374083917,0.039889
2013-11-30,0.04922060037839071,0.0025594833313780097,0.035380132152695865,-0.03839472406048905,0.006194813503925589,-0.011771088630931681,0.024956
2013-12-31,0.03489079550834906,0.0025412483040999634,0.010332088917683335,-0.016546855262628002,-0.0003175972368700819,0.014010180956235185,0.02614
2014-01-31,-0.058850350277500185,-0.020818350425072407,-0.022550640539626743,-0.053429532981034034,0.0033018691693633695,-0.03452578208233126,-0.03002
2014-02-28,-0.00718732847814374,0.06013713090511552,0.03713930009981725,0.024057051569155385,0.036918376960306754,0.04467879531499008,0.046198
2014-03-31,0.0005183816851990208,0.0030548614340950575,-0.013889404752916779,-0.021760080670865767,0.007294042006278811,-0.03352550207242544,0.00454
2014-04-30,-0.032968331526097905,0.018950903801564056,0.00011789566693720666,-0.011646872880998194,0.020411411908949795,0.009494739202519753,0.001573
2014-05-31,0.03297516638152875,0.020860907127754125,0.03209822599157253,-0.019451059224073086,0.02653362343801091,0.013116158004132572,0.020254
2014-06-30,0.05057029020363668,-0.01876088219510308,-0.008938385916986147,-0.04105732883747981,-0.013113912433281305,-0.023980927595457446,0.027973
2014-07-31,0.02097098591266311,-0.03331277470630556,-0.04074481946282671,0.019143368058260002,-0.02269694897435315,-0.01376393624750949,-0.020555
2014-08-31,-0.008383964856269799,0.019111955548240966,0.004526549799716895,-0.016845873058781602,0.03037120244612601,0.014504927226587028,0.040205
2014-09-30,0.04105350539236219,0.0003277211030991989,-0.0028050026329005107,-0.07565426230723282,0.008583083534319913,-0.029541599992265022,-0.025196
2014-10-31,0.003978087090912741,-0.028406807916596555,-0.0176835384998576,0.014322305098007027,-0.0007323104169257855,-0.010758799814483022,0.021164
2014-11-30,0.05309103803160087,0.043955566592784434,0.062259758865276904,-0.05626633963385008,0.036962973244197284,0.023923485639718467,0.021104
2014-12-31,0.0008120992078008982,-0.007511374307343388,-0.009726607004236887,-0.007912565270291827,-0.00822379341604873,-0.019410985850677576,-0.003659
2015-01-31,0.007871879234590873,0.07437480979193567,0.08315736650308492,0.006365140417559756,-0.059243808559733546,0.021689536661577247,-0.027163
2015-02-28,0.07178435864997146,0.0679968022561499,0.06201521345836114,0.04420802522170053,0.088811632484742,0.02631095218359991,0.055915
2015-03-31,0.022156489007876035,0.015265925434140515,0.04394525611986011,-0.02054941757301898,0.02875362307208973,-0.023387113070196475,-0.010397
2015-04-30,0.028262741820673676,0.012239533204296826,-0.032885990507854235,-0.03670438645930241,0.016421138868738527,0.024965630768572833,0.008766
2015-05-31,0.0470712599647668,0.01016270300196731,0.003365922558571599,-0.014689941872132795,0.026611805316983372,0.0022599002936336543,0.010277
2015-06-30,-0.021226916477232738,-0.038617094138404306,-0.03321177083972271,-0.06902537973130263,-0.03603468849418667,-0.055360943680020425,-0.019231
2015-07-31,0.02120128203561844,0.06081288541009511,0.03633617188720728,0.02201574966761166,0.07587561716001046,0.018252336827364823,0.012108
2015-08-31,-0.07441106739364256,-0.07559042231267954,-0.07381197397835848,-0.08901148234366019,-0.04569947742056568,-0.05771293763653895,-0.059926
2015-09-30,-0.07054177603360334,-0.034276365226434846,-0.04343664938352809,-0.04687585346366352,-0.02142222785348069,-0.02183109523034288,-0.033756
2015-10-31,0.09856891233900145,0.08496666783375328,0.10529010241373182,0.024699276381749957,0.05868270663181807,0.03721694776265394,0.073937
2015-11-30,0.019340137542763536,0.01379791547535536,0.04190365934703433,-0.025115288188777063,0.015590911150437092,0.0034125828925233304,0.002404
2015-12-31,-0.014695000009515624,-0.03430967564915377,-0.034800617921171506,0.010440187970843229,-0.0040529334665739825,-0.012322354528536028,-0.022209
2016-01-31,-0.06474587166996948,-0.0332784968287424,-0.07117136326338092,-0.07141631564912265,-0.032474120953629004,-0.03049133635700374,-0.057085
2016-02-29,-0.08378420648601748,-0.008462179030910288,-0.01718963599899548,-0.03940797441883914,-0.02145697079604514,-0.00017151066360376888,0.00062
2016-03-31,0.054196002473586136,0.01971262121002093,0.05256950118336379,0.030231888449680167,0.014728404407826412,0.012466679174272022,0.070491
2016-04-30,-0.0014404730439161462,0.0226407878208591,0.011331688402702933,0.013100940673199557,0.03837725277580051,0.0065001742281445285,0.011718
2016-05-31,0.035569197571001965,0.036940695009103686,0.031309618293120844,0.015436341050956592,0.04335997950755033,0.00870113172743725,0.01434
2016-06-30,-0.08599729456746652,-0.042643332188835426,-0.04405064097222211,-0.03677141231063352,-0.004808907519837202,0.009124089959174464,0.002947
2016-07-31,0.06545628843115381,0.05569498944782736,0.07293169667588706,0.04996851140043823,0.0379175989643703,0.04083752801859286,0.038815
2016-08-31,0.006343087833822092,0.01377148173412368,0.02795882577474096,-0.023738440797876348,0.029001883061683276,0.024228936501946352,0.0028
2016-09-30,0.012587270462657507,0.013665652159289388,0.01027097496709839,-0.005807478137201949,0.012638350157958667,0.012932700937671404,0.003013
2016-10-31,0.053859483360691796,0.024747055843326704,0.014454096677537831,-0.03063140121864738,-0.014217234558265623,0.002890664482724903,-0.021544
2016-11-30,0.052697986256962204,0.017671551748959735,0.0029264070174457313,0.013317417498327266,0.02703676461394966,-0.02097960279971045,0.040488
2016-12-31,0.0446920160995119,0.07405081639653166,0.08165395045684476,0.03179392347992094,0.054415683460109054,0.05444680338405028,0.018763
2017-01-31,0.00947290945455248,0.0002019479228104748,0.022996144525067264,-0.017043249378164926,0.02906382915909056,0.0035648305939190994,0.022153
2017-02-28,0.01762607033727881,0.02847108363347406,0.036990486957173774,0.013783032934577166,0.04651257786513541,0.03789343593291683,0.032598
2017-03-31,0.005050320164423194,0.06912501959906059,0.04792734544506205,0.023778260375387106,0.04618850900479565,0.019615137541305616,0.002062
2017-04-30,0.0211893663420738,0.0546048390551821,0.02884563042068522,-0.0008294740536501921,0.056527206885294445,0.008313552186834494,0.009655
2017-05-31,0.03451588875872047,0.04748470002885141,0.03582688382720445,-0.0352345011507329,0.0444484523837001,0.052455491135896204,0.009335
2017-06-30,0.037154925743211886,-0.005701187380040995,-0.008475681262352097,-0.004685309703544194,0.023586094384038248,-0.020363709682435505,0.009571
2017-07-31,0.015607257658960982,0.008112320576657117,0.011885281101288614,-0.0010386403549378365,0.0363089847093061,0.01919136641846697,0.020277
2017-08-31,0.012542512951434492,0.02153984263287345,0.015250091357947637,0.0017152539582059312,0.006517983247272707,0.023451336839715786,0.0016
2017-09-30,0.051858574529645374,0.05940098323867893,0.07328008302462707,-0.004104226277953482,0.050062064281895746,0.005915800386206871,0.023729
2017-10-31,0.06355405180909934,0.04355813947537823,0.0443260737345873,0.03515414280816642,0.04030749414239487,0.02433703999039527,0.019275
2017-11-30,0.029961274108552094,0.0008487343598742036,0.005112353251809698,0.015622330464671874,0.02145636381712268,-0.011247307843534782,0.027232
2017-12-31,0.02930292879323826,0.015379937571868174,0.0182985943464542,0.016765355707740515,0.030432929640184847,0.055361196863025874,0.012122
2018-01-31,0.028529998767696574,0.049299881795613176,0.04083514361081364,-0.00464228228607344,0.03450334388510945,-0.008927107887225172,0.050577
2018-02-28,-0.01926177856729283,-0.008705150299513797,-0.02388480999935172,-0.0007561431152918185,-0.01764262733438815,-0.01728856444953797,-0.039455
2018-03-31,0.0026646173411767338,0.011207073075702345,0.0015594985727025445,-0.03384165090501379,0.01637432507277803,-0.004582992431740207,-0.018421
2018-04-30,0.05404288750541586,0.0870698021470172,0.06029585068198051,0.035245741502798134,0.06303171389392115,0.07170381263456216,0.004679
2018-05-31,0.0048188528707713285,0.028833618592127186,0.027557173829807824,0.016175759374910115,-0.0035535502039393263,0.0386501652212472,0.026146
2018-06-30,0.014189729844658938,0.001955439080889909,-0.007377448159027855,0.030090061625113407,0.05244522238066518,0.013630556185196374,0.005359
2018-07-31,0.03156347249143088,0.049108232461482104,0.06205549806856825,0.015204711150547112,0.07564084475355903,0.02759147806359219,0.031573
2018-08-31,0.01175756205424039,0.019354789439334885,0.0050080613089114046,0.021378482547603994,0.013703225378310702,-0.015415949131386664,0.030233
2018-09-30,0.07520757656300914,0.03516830121690229,0.00679608601628523,-0.008685573675270675,0.033264140999065384,0.019992965729220602,0.000425
2018-10-31,-0.06810411270303862,-0.04322390321439373,-0.03422875908626011,-0.06073884190831125,0.008959880851063806,-0.03759832350138326,-0.074045
2018-11-30,0.05185017131537961,0.009501941890019627,0.006643956633067827,-0.015391391343314464,0.02548348322351046,0.0005410933110079341,0.018512
2018-12-31,-0.07748426676840325,0.013016326413236246,-0.0038367880742856686,0.0012909323644858528,-0.012547504204203364,-0.025147770358338706,-0.08989
2019-01-31,0.07218045233625003,0.08179525679492905,0.08904335130651597,0.0424529779434486,0.10301031756614087,0.06283290887844362,0.088294
2019-02-28,0.051757264856407414,0.0644898664625253,0.049569784786818394,0.059464928143077245,0.07332262044548277,0.04324259333613245,0.032724
2019-03-31,0.025224709957514357,0.03735242592158605,0.029599617264769562,0.007259020575543618,0.04617751376247836,0.04470456172203241,0.012962
2019-04-30,0.042055808749056345,0.07608057731917384,0.09398040239304783,0.03176898001870332,0.07528164770729173,0.040633026892240465,0.037893
2019-05-31,-0.03832473101852263,-0.019396329319096073,-0.024791377436553907,0.027947916485557833,0.01109273097732788,-0.013381950589264946,-0.061679
2019-06-30,0.047643588095042655,0.08121580694892416,0.0713304302293758,0.04446758041505894,0.062494510699999894,0.04652128745121864,0.067279
2019-07-31,0.03305151025867259,0.02406132416020368,0.013137432890914624,0.04187808750358246,0.03903554695371425,0.0331432283020624,0.011854
2019-08-31,-0.010562596915482558,0.019814532686404762,0.012244395486926019,-0.010066711371217951,0.025730115989400337,-0.022040461346874984,-0.020339
2019-09-30,0.07710075234904312,0.053021970416913033,0.055948032406505144,0.032022234192692345,0.03622401929885177,0.044298658650448575,0.016033
2019-10-31,0.0668052033520874,0.04473118484372174,0.06345900134211191,0.004838058915710541,0.03206774041783922,0.0005960063515839664,0.019257
2019-11-30,0.03832393829803271,0.0527097537486485,0.054513581191739435,0.034491342487534826,0.04916039070776179,0.032877351226676454,0.034999
2019-12-31,0.03035347842076419,0.035556434586575536,0.028650069301745518,-0.011064818766371332,0.03698837430330659,0.04454768003628029,0.028489
2020-01-31,-0.004179372565156769,0.002647728116900727,0.007814089566351101,0.053122852708684776,0.023835769067813817,-0.019501043779825755,-0.001728
2020-02-29,-0.08676104418483599,-0.05416234931756936,-0.06031278256750061,-0.06687451332803118,-0.052305027219847866,-0.07735681412591688,-0.077918
2020-03-31,-0.046078132858651255,-0.1401227022926026,-0.12717465730337574,-0.21110560502026376,-0.04669928090722597,-0.14218576236235747,-0.141733
2020-04-30,0.05193482456457765,0.06176794321042678,0.11157974737617948,0.10621641562756112,0.0592949198684013,0.05038151755393505,0.129674
2020-05-31,0.07066586037394196,0.04755845751111232,0.07444173460054082,0.05304365713346648,0.04096455243653008,0.029942710540521666,0.053739
2020-06-30,0.0021049333617713106,0.048631503823217015,0.044756777125641634,0.025109225216408237,0.028710609457542446,0.013780441297021717,0.025299
2020-07-31,-0.03552212954133316,-0.017713170307875004,0.0031733561851612357,0.011070022502940535,0.013148615187745127,-0.035222413323439006,0.055532
2020-08-31,0.08103531231258887,0.04024237134282238,0.05529849507395235,0.039070586120116824,0.032711532146362576,0.022875094493403303,0.068442
2020-09-30,0.018365595272162638,-0.012839582658695448,-0.003025428142276243,-0.032379852830426104,0.012240413015154994,-0.012997993831775467,-0.035056
2020-10-31,-0.025479782959850872,-0.026841517523314318,-0.07390806494955504,0.022280559072742845,-0.04508395860604708,-0.035108114885978314,-0.020178
2020-11-30,0.10768656230539131,0.18939603443731245,0.14423727023031097,0.10506589866833571,0.10140119480009036,0.12641381165917598,0.123707
2020-12-31,0.03269434811321725,0.0233077265381898,0.04780968909576688,0.019624428114763504,0.031951630872407266,0.03940924883854424,0.045048
2021-01-31,0.004882382727355639,-0.01996433006175058,0.006936142508145893,0.007842056208232195,-0.0003485543601736696,-0.005350375494465265,-0.000631
2021-02-28,0.03009080646026019,0.057204718032065616,0.027296307707921574,0.014566401157745656,0.007841459853086707,0.017366332447660282,0.029196
2021-03-31,0.05496282086246629,0.06766659892802251,0.07950392900023728,0.021711530561050463,0.07742104029646324,0.04872873477375017,0.030573
2021-04-30,-0.02541687270209958,0.05720747501546186,0.021253644318696363,0.03805732065233114,0.025182370458003867,0.04387707003417862,0.04819
2021-05-31,0.01294936534283897,0.04123908403445686,0.03142436692080641,0.02281737344951673,0.04102943830762851,0.013286276715244294,0.007092
2021-06-30,0.01657581736445124,0.02032714357376031,0.021797625345971405,0.0245256208592306,0.045313613530322705,-0.0005074698689482293,0.023422
2021-07-31,-0.021480053379440922,0.021387712362900158,0.0130625236291807,0.009896197945692187,0.028835618446835132,0.00826415627148025,0.011828
2021-08-31,0.033046287362015314,0.01036151577301303,0.029494178801610094,0.028049135339978104,0.031016545393941275,0.02223558909162837,0.027146
2021-09-30,0.04283405058411971,-0.02065935874821323,-0.028048251123903856,-0.012505808440371968,-0.04700188876514588,-0.015521164072604066,-0.042243
2021-10-31,-0.011364586758171202,0.06459850186128413,0.025208170467697966,0.004330268445345564,0.044032005049405964,0.011151796038792905,0.064651
2021-11-30,-0.03437002603166561,0.004350523568452669,-0.022399533427693075,-0.003915508937320289,-0.001600897081699637,-0.017475069699249834,-0.018351
2021-12-31,0.03228314343846683,0.05272790798823268,0.046042994041891716,0.02889822604416481,0.06895942843860003,0.04230563097485529,0.033341
2022-01-31,-0.04781566663280312,-0.029959924570898466,-0.02718937062921767,-0.06224936092186628,-0.04986629437718537,-0.00882278763998523,-0.059823
2022-02-28,-0.0008753594647336049,-0.038033926232662774,-0.047711546244293745,0.01963688491407445,-0.007494703634602917,-0.012811321132053077,-0.021838
2022-03-31,0.04805923973595139,0.016965314124867792,0.0006439449590904811,0.07628646799929473,0.03295825174300082,0.012183786999589885,0.030506
2022-04-30,-0.012390092489596216,-0.00397765838969677,-0.005400332833462307,0.0023108237935904885,0.019601791361689047,-0.001543496369937336,-0.089387
2022-05-31,0.017266403521397633,0.012472596727272856,0.03517706232727291,-0.031977130709416324,-0.016315950888064146,0.0034685986956101145,-0.002113
2022-06-30,0.002240909602447383,-0.04550664695042028,-0.09385314100701159,-0.08862333993224214,-0.054218783564993434,-0.049235773744480626,-0.083998
2022-07-31,0.06443996579483735,0.1287582468570777,0.07854854860139315,0.07021916974941633,0.07605176237117184,0.047239615977734184,0.090351
2022-08-31,0.0392022383482189,-0.022698468967887964,-0.03073561063221808,0.019319722786051097,-0.002883726617468163,-0.014604598875072927,-0.036233
2022-09-30,-0.01929440827093698,-0.03957129668066561,-0.06076769257540249,-0.05357759811122764,-0.03911678459925616,-0.058766154542756244,-0.091323
2022-10-31,0.08996062963455698,0.09519201010816336,0.10385773736832782,0.0631790143531552,0.07815612828609719,0.03484487716621065,0.077394
2022-11-30,0.0711992992237247,0.11231190705709904,0.11559849221094542,0.0797035544261373,0.08480688072284237,0.0799954069603479,0.052354
2022-12-31,-0.0021570860328730124,-0.014366784802815613,-0.011813607574603147,-0.021909108040901182,0.0065698400939084856,-0.007831846775862239,-0.05712
2023-01-31,0.08593043398964306,0.12100979063573947,0.11771111249054145,0.07511078426467321,0.09499168318402251,0.048952036509340546,0.071823
2023-02-28,0.05694645910202745,0.03673733581453953,0.035686943914679636,-0.009988836911649313,0.022481555325769897,0.025217729263058652,-0.024666
2023-03-31,0.06569630494253187,0.03336406417351934,0.03361231197327652,0.008707941210305492,0.06152720910074749,-0.025634566335640208,0.02395
2023-04-30,0.07705757944725111,0.05135566768644417,0.03406935294117863,0.03088579008730563,0.06703172977782113,0.03606227524390171,0.008976
2023-05-31,0.08250931429162278,-0.021932645634929804,-0.0037664435552389186,-0.017089695011591077,0.014206133252443465,-0.043872836519945446,0.000708
2023-06-30,0.1278325818111572,0.05603475433288141,0.04450212439686663,0.028507913897184656,0.042255395530215845,0.00518643496886817,0.066183
2023-07-31,0.0678260481650611,0.024928804619353206,0.038911534105663836,0.03976356612002396,0.039575796787316264,0.024736549427410326,0.035618
2023-08-31,0.05894358802801092,-0.013030862263611276,-0.015828298657378448,0.006534780218933056,0.013494803787531873,-0.020661698980088072,-0.020608
2023-09-30,0.05940824786651866,-0.022989046036111294,-0.01869362610592018,-0.011282241530116699,0.022866497565467547,0.022386648831273837,-0.047391
2023-10-31,0.02533739615420738,-0.023407903026106736,-0.03240997665317724,-0.027687652378761585,-0.016104352633677932,-0.043307436035893265,-0.028865
2023-11-30,0.11024302974898159,0.07268155809541654,0.0942062728721611,0.05894966182354011,0.08145433012961933,0.028649449624242207,0.092053
2023-12-31,0.04969095146001912,0.05023745190245643,0.041066576321743264,0.081424074282205,0.057986963547992154,0.04501138844087871,0.053604
2024-01-31,0.12405031408051581,0.03181531615674427,0.017385879853670683,0.021738431735713992,0.04791250675255887,-0.010936587782851781,0.007561
2024-02-29,0.10052705737799927,0.0486041841978222,0.04449312491875257,0.020361786511591484,0.05135572235333119,0.0051694138560887115,0.050584
2024-03-31,0.09353052423155228,0.0378740541564917,0.05253108470813861,0.038498893939524326,0.07024803066798546,0.04784576113121197,0.03245
2024-04-30,0.0379892694173507,-0.004726249803329807,-0.007594150665881094,-0.02035293887966816,0.019002695163072292,0.02785246468968583,-0.042724
2024-05-31,0.05727706851250158,0.030535506330170215,0.045070949777996194,0.018735709131149747,0.09269635371564111,0.028056099185881367,0.046553
2024-06-30,0.06643432787869585,-0.0470161479056026,0.004345207369227944,0.017781990601535513,0.032084671945048715,-0.016229209541522627,0.026073
2024-07-31,0.046842504827609766,0.0183615841336211,0.01946291005138656,0.04657798932573054,0.05177790896531764,0.03553149952762236,0.019878
2024-08-31,0.02362141150049779,0.03335979085460461,0.0331669139715558,0.011823996956443095,0.04517089073378133,0.009664272626774828,0.021572
2024-09-30,0.032573073038056344,0.023484410006567757,0.04074438370627065,0.038137663790251075,0.027234427915808324,-0.016081637107194235,0.020969
2024-10-31,0.060256369060917025,-0.03473414220791349,-0.004722694947610573,-0.008346104109850816,0.00684740042048404,-0.016893249652534026,-0.008298
2024-11-30,0.034383171839402316,-0.00509278835840965,0.03519709077432753,0.03671575878651945,0.037363153290990936,0.02475924577943167,0.064855
